{"OverallAccuracy":0.1244343891402715,"ConfusionMatrix":[[43,11,4,3,4,5,17,0,2,5,4,7,6,2,3,8,2,8,13,8,0,0,0,11,0,4],[18,32,2,4,4,1,20,3,4,7,5,3,2,0,4,8,2,6,15,13,0,0,0,12,0,5],[20,19,13,2,6,5,11,1,7,4,8,13,3,2,4,7,4,10,9,12,0,0,0,9,0,1],[16,12,4,16,3,4,21,0,4,0,5,6,7,1,9,5,6,4,16,13,0,0,0,13,0,5],[24,17,3,2,8,7,15,1,4,3,6,7,6,2,2,2,1,12,14,19,0,1,0,12,0,2],[18,9,3,5,8,20,14,4,7,2,6,3,8,2,3,13,4,2,10,16,0,0,0,8,0,5],[21,13,2,4,4,3,48,4,2,0,2,6,6,1,0,4,6,6,8,12,0,0,1,15,0,2],[21,12,5,5,4,1,20,20,2,4,5,4,10,3,1,4,2,5,8,12,0,1,0,18,0,3],[12,13,4,3,5,5,13,0,41,2,5,9,2,2,2,4,2,0,12,15,0,0,0,13,0,6],[21,7,9,2,4,2,8,2,4,27,5,5,3,2,3,3,3,3,23,24,0,0,0,9,0,1],[22,12,6,4,4,5,17,2,6,0,26,7,7,1,2,4,2,4,10,14,0,0,0,14,0,1],[15,11,8,7,4,1,19,2,2,3,7,43,4,0,1,1,0,2,13,15,0,0,0,10,0,2],[24,12,5,4,4,5,13,1,2,3,5,2,38,3,3,3,2,4,7,14,0,0,0,16,0,0],[15,15,3,7,2,3,13,7,2,1,6,6,19,15,4,4,3,3,10,19,0,0,0,8,0,5],[23,6,9,9,7,3,27,2,2,2,4,3,4,2,20,2,1,4,9,14,0,0,0,11,0,6],[14,10,5,4,7,9,9,1,11,3,7,4,3,1,2,31,1,5,9,19,1,0,0,11,0,3],[19,8,1,8,8,5,39,1,3,5,4,3,7,1,2,5,12,4,17,7,0,0,0,9,0,2],[25,15,6,2,9,4,12,4,9,3,9,3,6,0,1,5,2,12,5,16,0,0,0,21,0,1],[18,17,4,8,1,3,23,2,3,3,4,4,4,0,2,6,2,5,23,24,0,0,0,11,0,3],[16,16,3,4,3,12,10,2,12,3,8,3,5,0,1,9,3,3,7,37,0,0,0,11,0,2],[23,8,5,7,2,1,32,1,5,4,4,5,8,2,6,4,4,4,21,16,0,0,0,6,0,2],[18,13,10,4,13,4,17,0,3,4,6,3,4,0,0,12,3,6,14,18,0,0,0,14,0,4],[21,11,6,5,7,4,17,2,4,3,6,4,11,2,0,2,8,6,14,9,0,0,0,21,0,7],[21,17,1,1,8,4,10,4,6,3,8,2,6,1,3,8,3,5,15,19,0,0,0,23,0,2],[18,5,2,4,6,5,13,4,12,4,4,5,5,2,4,10,3,3,9,29,0,0,0,21,0,2],[25,10,3,9,7,4,16,2,6,12,5,11,4,1,3,4,5,4,10,14,0,0,0,13,0,2]],"TP":[43,32,13,16,8,20,48,20,41,27,26,43,38,15,20,31,12,12,23,37,0,0,0,23,0,2],"TN":[4123,4112,4093,4096,4088,4100,4128,4100,4121,4107,4106,4123,4118,4095,4100,4111,4092,4092,4103,4117,4080,4080,4080,4103,4080,4082],"FN":[127,138,157,154,162,150,122,150,129,143,144,127,132,155,150,139,158,158,147,133,170,170,170,147,170,168],"FP":[127,138,157,154,162,150,122,150,129,143,144,127,132,155,150,139,158,158,147,133,170,170,170,147,170,168],"Sensitivity":[0.25294117647058822,0.18823529411764706,0.076470588235294124,0.094117647058823528,0.047058823529411764,0.11764705882352941,0.28235294117647058,0.11764705882352941,0.2411764705882353,0.1588235294117647,0.15294117647058825,0.25294117647058822,0.22352941176470589,0.088235294117647065,0.11764705882352941,0.18235294117647058,0.070588235294117646,0.070588235294117646,0.13529411764705881,0.21764705882352942,0.0,0.0,0.0,0.13529411764705881,0.0,0.011764705882352941],"Specificity":[0.97011764705882353,0.96752941176470586,0.96305882352941174,0.963764705882353,0.96188235294117652,0.96470588235294119,0.97129411764705886,0.96470588235294119,0.96964705882352942,0.96635294117647064,0.96611764705882353,0.97011764705882353,0.96894117647058819,0.96352941176470586,0.96470588235294119,0.96729411764705886,0.96282352941176474,0.96282352941176474,0.9654117647058823,0.96870588235294119,0.96,0.96,0.96,0.9654117647058823,0.96,0.96047058823529408],"ClasswiseAccuracy":[0.94253393665158369,0.93755656108597285,0.92895927601809958,0.930316742081448,0.92669683257918556,0.9321266968325792,0.94479638009049771,0.9321266968325792,0.94162895927601808,0.93529411764705883,0.934841628959276,0.94253393665158369,0.94027149321266967,0.92986425339366519,0.9321266968325792,0.93710407239819,0.92850678733031677,0.92850678733031677,0.93348416289592762,0.93981900452488687,0.92307692307692313,0.92307692307692313,0.92307692307692313,0.93348416289592762,0.92307692307692313,0.92398190045248874],"ClasswiseMissclassification":[0.057466063348416287,0.06244343891402715,0.07104072398190045,0.069683257918552038,0.073303167420814483,0.067873303167420809,0.055203619909502261,0.067873303167420809,0.0583710407239819,0.064705882352941183,0.065158371040723986,0.057466063348416287,0.05972850678733032,0.070135746606334842,0.067873303167420809,0.062895927601809953,0.071493212669683254,0.071493212669683254,0.0665158371040724,0.060180995475113123,0.076923076923076927,0.076923076923076927,0.076923076923076927,0.0665158371040724,0.076923076923076927,0.0760180995475113],"ClasswisePrecision":[0.25294117647058822,0.18823529411764706,0.076470588235294124,0.094117647058823528,0.047058823529411764,0.11764705882352941,0.28235294117647058,0.11764705882352941,0.2411764705882353,0.1588235294117647,0.15294117647058825,0.25294117647058822,0.22352941176470589,0.088235294117647065,0.11764705882352941,0.18235294117647058,0.070588235294117646,0.070588235294117646,0.13529411764705881,0.21764705882352942,0.0,0.0,0.0,0.13529411764705881,0.0,0.011764705882352941],"Total":4420,"ClassNr":26}