{"OverallAccuracy":0.16322701688555347,"ConfusionMatrix":[[61,7,4,4,4,1,17,2,3,1,2,7,19,1,1,17,1,9,15,16,0,0,0,10,0,3],[15,42,1,4,3,8,23,1,5,1,2,6,9,0,4,8,5,2,27,19,0,0,0,17,0,3],[18,11,20,4,0,4,18,4,4,1,2,10,5,1,15,8,6,7,22,31,0,0,0,12,0,2],[25,12,1,30,3,6,16,1,8,5,3,5,7,3,6,11,4,3,20,17,0,0,0,15,0,4],[26,12,2,3,11,7,26,2,6,2,5,6,7,1,2,10,1,11,25,23,0,0,0,14,0,3],[24,12,2,4,8,25,16,1,2,2,5,1,6,0,1,29,1,5,10,38,0,1,0,9,0,3],[25,13,7,8,2,3,60,2,3,3,3,3,8,0,3,2,0,6,21,14,0,0,0,15,0,4],[39,7,5,1,3,6,15,34,2,3,8,5,12,9,3,5,4,9,12,7,0,0,0,13,0,3],[10,7,4,4,4,1,19,2,57,1,5,5,2,1,3,7,5,4,11,34,0,0,0,18,0,1],[21,10,9,4,1,7,14,0,10,26,2,3,6,4,3,2,5,4,26,31,0,0,0,12,0,5],[30,9,9,3,9,13,13,3,4,4,32,5,5,4,3,3,4,8,8,16,0,0,0,18,0,2],[19,5,15,4,2,2,13,1,6,2,5,75,2,3,5,4,4,4,12,11,0,0,0,6,0,5],[28,8,5,1,7,9,15,6,6,2,4,2,50,3,2,7,1,5,11,14,0,0,0,17,0,2],[21,9,7,5,3,3,17,8,2,3,5,2,22,25,1,8,2,1,16,15,0,0,0,26,0,4],[16,8,12,5,2,6,29,1,1,1,5,4,4,2,39,5,4,9,14,22,0,0,0,14,0,2],[19,12,4,8,5,17,18,0,7,3,4,5,4,2,0,52,3,3,6,23,0,0,0,8,0,2],[19,10,3,11,5,8,40,3,3,3,5,6,9,1,3,8,21,4,14,12,0,0,0,12,0,5],[36,12,6,4,14,6,15,2,8,1,14,4,6,0,0,10,2,20,12,12,0,0,0,19,0,2],[15,16,6,7,3,3,22,1,11,0,4,7,3,2,5,2,4,4,60,16,0,1,0,12,0,1],[22,5,6,3,4,13,9,1,8,5,7,3,4,0,5,16,1,2,10,69,0,0,0,8,0,4],[19,8,7,5,4,4,46,2,4,9,3,5,5,3,8,8,6,3,20,12,0,0,0,18,0,6],[18,7,4,7,20,6,20,2,9,3,9,3,5,4,4,6,3,9,17,18,1,0,0,24,0,6],[26,8,6,7,4,5,32,3,3,4,9,8,16,5,1,8,2,6,15,11,0,0,0,23,0,3],[25,12,3,2,3,4,11,3,10,5,14,5,9,1,2,12,1,3,15,21,0,0,0,42,0,2],[15,5,1,1,5,12,11,3,20,5,8,5,8,2,0,15,3,4,7,40,0,0,0,33,0,2],[23,9,5,6,5,2,16,2,5,10,3,9,5,4,0,16,2,9,19,19,0,0,0,17,0,19]],"TP":[61,42,20,30,11,25,60,34,57,26,32,75,50,25,39,52,21,20,60,69,0,0,0,42,0,19],"TN":[4981,4962,4940,4950,4931,4945,4980,4954,4977,4946,4952,4995,4970,4945,4959,4972,4941,4940,4980,4989,4920,4920,4920,4962,4920,4939],"FN":[144,163,185,175,194,180,145,171,148,179,173,130,155,180,166,153,184,185,145,136,205,205,205,163,205,186],"FP":[144,163,185,175,194,180,145,171,148,179,173,130,155,180,166,153,184,185,145,136,205,205,205,163,205,186],"Sensitivity":[0.29756097560975608,0.20487804878048779,0.0975609756097561,0.14634146341463414,0.053658536585365853,0.12195121951219512,0.29268292682926828,0.16585365853658537,0.2780487804878049,0.12682926829268293,0.15609756097560976,0.36585365853658536,0.24390243902439024,0.12195121951219512,0.19024390243902439,0.25365853658536586,0.1024390243902439,0.0975609756097561,0.29268292682926828,0.33658536585365856,0.0,0.0,0.0,0.20487804878048779,0.0,0.092682926829268292],"Specificity":[0.97190243902439022,0.96819512195121948,0.96390243902439021,0.96585365853658534,0.9621463414634146,0.96487804878048777,0.97170731707317071,0.96663414634146338,0.97112195121951217,0.96507317073170729,0.96624390243902436,0.97463414634146339,0.96975609756097558,0.96487804878048777,0.967609756097561,0.97014634146341461,0.96409756097560972,0.96390243902439021,0.97170731707317071,0.97346341463414632,0.96,0.96,0.96,0.96819512195121948,0.96,0.9637073170731707],"ClasswiseAccuracy":[0.94596622889305815,0.93883677298311441,0.93058161350844282,0.93433395872420266,0.92720450281425892,0.93245778611632268,0.9455909943714822,0.93583489681050658,0.94446529080675423,0.93283302063789864,0.93508442776735456,0.95121951219512191,0.94183864915572235,0.93245778611632268,0.93771106941838644,0.94258911819887425,0.93095684803001877,0.93058161350844282,0.9455909943714822,0.94896810506566609,0.92307692307692313,0.92307692307692313,0.92307692307692313,0.93883677298311441,0.92307692307692313,0.93020637898686676],"ClasswiseMissclassification":[0.054033771106941839,0.061163227016885556,0.069418386491557224,0.065666041275797379,0.07279549718574109,0.0675422138836773,0.054409005628517824,0.064165103189493436,0.055534709193245782,0.067166979362101309,0.064915572232645408,0.04878048780487805,0.058161350844277676,0.0675422138836773,0.062288930581613507,0.057410881801125704,0.069043151969981245,0.069418386491557224,0.054409005628517824,0.051031894934333959,0.076923076923076927,0.076923076923076927,0.076923076923076927,0.061163227016885556,0.076923076923076927,0.0697936210131332],"ClasswisePrecision":[0.29756097560975608,0.20487804878048779,0.0975609756097561,0.14634146341463414,0.053658536585365853,0.12195121951219512,0.29268292682926828,0.16585365853658537,0.2780487804878049,0.12682926829268293,0.15609756097560976,0.36585365853658536,0.24390243902439024,0.12195121951219512,0.19024390243902439,0.25365853658536586,0.1024390243902439,0.0975609756097561,0.29268292682926828,0.33658536585365856,0.0,0.0,0.0,0.20487804878048779,0.0,0.092682926829268292],"Total":5330,"ClassNr":26}